Engine brief,What we posted,Voice note
"MAGIC0629-MELTINGPOT-R1 · IG REEL + TIKTOK · FULL LINEUP · FRI 6:00PM CT · BIG SWING · HERO
PILLAR: MAGIC IS REAL  ·  CONVICTION: 105 (HIGH)

CONCEPT
The most American thing there is? A cookout where the table tastes like everywhere. For the 4th — America's 250th — two Afghan-American sisters bring their corner of it: all four lentil dips + every sauce, right next to the burgers and dogs. The melting pot isn't a metaphor; it's the spread.

HOOK (recommended)
the most american thing there is? a cookout where the table tastes like everywhere.

CAPTION — IG
the most american thing there is? a cookout where the table tastes like everywhere. 🌍🇺🇸

this weekend — the big 250th — we're bringing our corner of it. all four lentil dips, every sauce, right next to the burgers and dogs. afghan flavors at the american table, because that's kind of the whole point of the table.

pull up a chair. PUT IT ON EVERYTHING. 💚

Xx Yasameen + Sheilla

CAPTION — TIKTOK
pov: the cookout table that tastes like everywhere 🌍

four lentil dips. four sauces. burgers + dogs + the whole world, on one table. build the 4th-of-july spread with us. 🇺🇸 #fourthofjuly #cookout #lentildip #america250",,
"MAGIC0629-SISTERSERIES-R2 · IG REEL · BRAND · SAT 10:00AM CT · BIG SWING · SISTER SERIES
PILLAR: MAGIC IS REAL  ·  CONVICTION: 101 (HIGH)

CONCEPT
Sister Series, ep.3: how our family actually does the 4th. Not a brand shoot — the real one. Hot dogs AND bolani, sparklers AND cardamom, the cousins, the chaos. The episode that shows the founders are exactly who the melting-pot table is about.

HOOK (recommended)
how we actually do the 4th: hot dogs AND bolani.

CAPTION — IG
how we actually do the 4th. 🎆

hot dogs AND bolani. sparklers AND cardamom tea. our mom's recipes on the same table as the most american food there is — because after all this, this IS the most american table we know.

that's the whole brand, honestly. happy 250th from our family. 💚

Xx Yasameen + Sheilla",,
"MAGIC0629-BEANDIP-M03 · TIKTOK (primary) + IG cross-post · LENTIL DIP · THU 12:00PM CT · HIGH · TIKTOK
PILLAR: MAGIC IS REAL  ·  CONVICTION: 99 (HIGH)

CONCEPT
""The internet still hasn't crowned a viral dip for 2026. here's our case — again — and it's a bean."" The recurring category-explainer, pegged to Eat Beans Day (Jul 3): period-spaced descriptors making the case that the dip of the year should be the bean one. Protein, fiber, flavor, zero skill.

HOOK (recommended)
it's eat beans day and the internet STILL hasn't picked its 2026 dip.

CAPTION — IG
happy eat beans day — and the 2026 viral dip is STILL up for grabs. our case ↓

🌶️ creamy + bold
💪 12g protein (real, not added)
🌿 8g fiber (whole-food)
🥄 zero skill — open the tub

bean dips are surging. the crown's unclaimed. 💚

CAPTION — TIKTOK
it's eat beans day and the internet STILL hasn't picked its 2026 dip. so. 🫘

🌶️ lentil dip. creamy. bold.
💪 12g protein. real, not added.
🌿 8g fiber. the whole-food kind.
🥄 zero skill. open the tub.

bean dips are having a moment and nobody's claimed the crown. we're just saying — again. 💚

#eatbeansday #lentildip #beantok #highprotein #fyp",,
"MULT0629-GRILLGLAZE-P01 · IG REEL + TIKTOK · SAUCE · SAT 11:00AM CT · BIG SWING · EXPANSION BET
PILLAR: PUT IT ON EVERYTHING  ·  CONVICTION: 100 (HIGH)

CONCEPT
The cookout main event (last week's practice run, now the real thing). Mango Chutney as the glaze that caramelizes on everything off the grill; Cilantro Chutney as the herby finish. Same burgers, dogs and corn everyone's already making on the 4th — flavor turned all the way up. No special trip, no special skill.

HOOK (recommended)
your 4th of july grill, with a passport.

CAPTION — IG
your 4th of july grill, with a passport. 🔥🌍

mango chutney = the glaze that caramelizes on the chicken + the dogs. cilantro chutney = the herby finish on the corn. same cookout you're already throwing — just turned all the way up.

the grill's the easy part. PUT IT ON EVERYTHING. 💚

Xx

CAPTION — TIKTOK
4th of july grill but make it ✨everywhere✨ 🔥

mango chutney glaze, caramelized. cilantro chutney on the corn. your same cookout, flavor maxed. #fourthofjuly #grilling #cookout #swicy",,
"MULT0629-PLANTPROTEIN-P02 · IG REEL + TIKTOK · LENTIL DIP · SAT 1:00PM CT · HIGH
PILLAR: PUT IT ON EVERYTHING  ·  CONVICTION: 97 (HIGH)

CONCEPT
Independence from Meat Day is literally July 4 — so here's the move at a cookout drowning in burgers: the dip that's actually protein-packed AND plant-based. Load a plate, skip nothing, feel full. The quiet MVP of the spread that everyone keeps going back to.

HOOK (recommended)
the quiet MVP of every cookout.

CAPTION — IG
the quiet MVP of every cookout. 🫘

it's independence from meat day (yes, on the 4th) — so while everything else on the table is a burger, basil jalapeño lentil dip is the one that's protein-packed AND plant-based. 12g protein, 8g fiber, real food.

load a plate. go back for more. nobody's counting. 💚

Xx

CAPTION — TIKTOK
pov: the dip is the protein 🫘

independence from meat day is literally the 4th. basil jalapeño lentil dip: 12g protein, 8g fiber, plant-based, real. the quiet MVP. #independencefrommeatday #fibermaxxing #lentildip #highprotein",,
"MULT0629-SWICY-P03 · IG REEL + TIKTOK · SAUCE · WED 5:00PM CT · HIGH
PILLAR: PUT IT ON EVERYTHING  ·  CONVICTION: 96 (HIGH)

CONCEPT
Hot honey is on 11% of US menus and everyone's chasing swicy — but no dip or sauce brand actually owns it. Mango Chutney walks into the gap: mango-forward sweet-heat, the 'fricy' (fruity-spicy) edge. The swicy condiment nobody claimed, and it's been in the fridge the whole time.

HOOK (recommended)
everyone's doing swicy. nobody's doing a swicy dip. we'll take it.

CAPTION — IG
everyone's doing swicy. nobody's doing a swicy DIP. we'll take it. 🥭🌶️

mango chutney is sweet-heat the way it's meant to be — fruit-forward, slow build, good on a burger, a cheese board, or a spoon. the swicy one nobody claimed.

hot honey could never. PUT IT ON EVERYTHING. 💚

Xx

CAPTION — TIKTOK
hot honey is everywhere. the swicy DIP is wide open. 🥭🌶️

mango chutney: sweet. then heat. then 'why is this so good.' lane's ours. #swicy #fricy #mango #hothoney",,
"MULT0629-SNACKLECOOLER-P04 · IG REEL · LENTIL DIP · THU 2:00PM CT · HIGH
PILLAR: PUT IT ON EVERYTHING  ·  CONVICTION: 91 (HIGH)

CONCEPT
The 4th-of-July cooler snackle box — the grazing format made for a day at the lake, the parade, the fireworks lawn. A dip at the center doing the heavy lifting, everything portable around it. This week's anchor: golden Turmeric Ginger. Pack it, go.

HOOK (recommended)
the 4th of july cooler, sorted.

CAPTION — IG
the 4th of july cooler, sorted. 🧺🎆

golden turmeric ginger lentil dip in the middle; crackers, snap peas, pickles, grapes packed around it. one box → the lake, the parade, the fireworks lawn.

the dip does the work. you just bring the cooler. 💚

Xx",,
"MULT0629-BREAKFAST-P05 · IG REEL · LENTIL DIP · SUN 9:30AM CT · HIGH · GREEN SHOOT → BRIEF
PILLAR: PUT IT ON EVERYTHING  ·  CONVICTION: 84 (MEDIUM)

CONCEPT
Daypart green shoot, deployed: the lazy long-weekend breakfast. Roasted Red Pepper lentil dip swiped under a fried egg on toast — the 90-second holiday-morning move that proves the tub isn't just for parties. New occasion, same tub, double the reasons to reach for it.

HOOK (recommended)
the lazy long-weekend breakfast move.

CAPTION — IG
the lazy long-weekend breakfast move. 🍳

swipe roasted red pepper lentil dip on warm toast → fried egg on top → chili flakes + herbs. 90 seconds, and the tub you bought for the party is now breakfast too.

turns out it goes on everything. even mornings. 💚

Xx",,
"MOM0629-EATBEANS-T01 · IG CAROUSEL + REEL · SAUCE · FRI 10:30AM CT · HIGH
PILLAR: MOM'S TABLE  ·  CONVICTION: 96 (HIGH)

CONCEPT
Eat Beans Day, the heritage way. Before lentils were a 'high-protein trend,' they were dinner — we grew up on dal because it was dense, filling, and ours. A simple pot of dal, finished with the green chutney that started it all. The trend the internet just discovered, our family's been eating for generations.

HOOK (recommended)
happy eat beans day — we've been celebrating our whole lives.

CAPTION — IG
happy eat beans day — we've been celebrating our whole lives. 🫘

before lentils were a 'high-protein trend,' they were just dinner. we grew up on dal because it's dense, filling, and ours. here's a simple pot, finished with the cilantro chutney that started the whole brand.

the trend you just found, our family's had forever. swipe for the recipe. 💚

Xx Yasameen + Sheilla",,
"MOM0629-AFGHANTABLE-T02 · IG REEL · SAUCE · TUE 6:00PM CT · HIGH
PILLAR: MOM'S TABLE  ·  CONVICTION: 95 (HIGH)

CONCEPT
What we bring to the cookout. When you're first-gen, the 4th of July potluck is two tables in one — and the dish we carry is bolani with the green chutney. A short, warm sister-led note on showing up to the most American day with the most specific, most ours thing on the plate.

HOOK (recommended)
what we bring to the cookout: bolani, next to the burgers.

CAPTION — IG
what we bring to the cookout. 🌿

when you're first-gen, the 4th-of-july potluck is two tables in one. ours always had bolani next to the burgers — crispy, golden, with the green chutney our mom made.

showing up to the most american day with the most ours thing on the plate. that's the brand, and honestly that's the country. 💚

Xx Yasameen + Sheilla",,
"SQUAD0629-WORLDCUP-COOKOUT-S01 · IG REEL + STORY SET · FULL LINEUP · SAT 12:00PM CT · HIGH
PILLAR: SAUCY SQUAD  ·  CONVICTION: 98 (HIGH)

CONCEPT
The cookout IS the watch party. World Cup Round of 16 kicks off at 1pm on the 4th — so the spread does double duty. Show us your table: the burgers, the dips, the match on the TV, the flags. We feature the best all weekend.

HOOK (recommended)
the cookout IS the watch party this year.

CAPTION — IG
the cookout IS the watch party this year. 🌍🎆⚽

world cup round of 16 kicks off at 1pm on the 4th — so your spread's doing double duty. burgers, dips, the match on the tv, the flags out.

tag us — we're featuring the best 4th-of-july watch-party tables all weekend. show us yours. 💚

Xx Yasameen + Sheilla",,
"SQUAD0629-COSTCO-S02 · IG REEL + STORY SET · LENTIL DIP · TUE 2:00PM CT + Story refresh FRI · BIG SWING
PILLAR: SAUCY SQUAD  ·  CONVICTION: 95 (HIGH)

CONCEPT
This is the fortnight that decides the rollout. The Costco repeat-velocity window is at ~week 8 — the buyer review point — so the 'Maazah Lentil Dip Costco' finds matter more this week than any other. Compile the latest wave, reshare, and put the tub back in the hands of the cohort that bought it weeks ago.

HOOK (recommended)
the finds keep coming — and this week they matter most.

CAPTION — IG
the finds keep coming — and this week they matter most. 📍

you've been filming the roasted red pepper lentil dip at costco coast to coast and we love you for it. here's the latest wave — tag #maazahmagic at your costco and we'll reshare.

grabbed one a few weeks back? it's even better on eggs. go back for the second tub. 💚

Xx",,
"SQUAD0629-TIKTOK-EXPERIMENT-S03 · TIKTOK (native test) · BRAND · MON 4:00PM CT · EXPERIMENT · GREEN SHOOT → BRIEF
PILLAR: SAUCY SQUAD  ·  CONVICTION: 84 (MEDIUM)

CONCEPT
The sanctioned small bet, deployed: ONE native-TikTok sister moment — quick, unpolished, in the platform's own register (not an IG cross-post). A 15-second 'two founders, one fridge, what we actually snack on' — testing whether founder content can work on TikTok when it's truly native. Tagged as an experiment; the data decides.

HOOK (recommended)
two founders, one fridge. what we actually snack on.

CAPTION — TIKTOK
two founders, one fridge. what we actually snack on between meetings. 👀

(no script, no plan, just us + a tub of lentil dip) #smallbusiness #founder #lentildip #snack #fyp",,
